sale_id,customer_id,product_id,sale_date,quantity,employee_id,supplier_id,sales_channel,dispatch_date
91,12,7,6/11/2025,2,2,2,Online,7/11/2025
92,2,1,17/09/2025,5,3,4,Online,19/09/2025
93,1,4,14/09/2025,2,4,3,Retail,16/09/2025
94,13,2,27/04/2025,2,2,5,Retail,3/05/2025
95,7,3,12/09/2025,3,3,5,Online,18/09/2025
96,1,7,16/07/2025,4,4,8,Online,18/07/2025
97,1,8,27/10/2025,5,4,4,Retail,2/11/2025
98,1,2,6/04/2025,5,4,11,Online,11/04/2025
99,12,8,25/01/2025,3,3,12,Online,26/01/2025
100,12,7,6/08/2025,1,5,1,Online,12/08/2025
101,2,5,18/07/2025,4,4,10,Retail,21/07/2025
1,1,1,20/09/2025,1,5,1,Retail,27/09/2025
2,2,2,21/09/2025,2,6,2,Online,22/09/2025
3,3,3,22/09/2025,1,6,5,Retail,29/09/2025
5,1,2,10/10/2025,3,2,3,Retail,12/10/2025
6,3,3,10/10/2025,2,4,11,Online,16/10/2025
7,1,2,10/10/2025,3,5,6,Retail,14/10/2025
8,3,3,10/10/2025,3,6,12,Online,14/10/2025
10,3,1,10/10/2025,1,2,12,Retail,17/10/2025
14,1,2,17/10/2025,4,3,5,Retail,23/10/2025
15,1,2,17/10/2025,4,3,7,Online,23/10/2025
16,1,2,17/10/2025,4,2,8,Retail,18/10/2025
17,1,2,18/10/2025,3,4,12,Online,22/10/2025
102,12,13,14/09/2025,1,6,9,Online,16/09/2025
23,7,3,24/11/2025,2,5,9,Retail,1/12/2025
103,3,3,5/01/2025,5,2,4,Retail,9/01/2025
18,7,12,6/11/2025,2,3,7,Online,7/11/2025
19,8,13,7/11/2025,2,4,8,Online,10/11/2025
104,13,3,10/03/2025,4,6,7,Online,17/03/2025
105,2,11,10/04/2025,5,4,11,Retail,15/04/2025
106,1,5,12/01/2025,2,3,1,Retail,19/01/2025
24,1,4,28/06/2025,4,3,4,Retail,30/06/2025
25,2,1,17/04/2025,5,6,10,Retail,18/04/2025
26,8,6,29/03/2025,3,5,10,Online,31/03/2025
54,7,1,3/01/2025,5,3,11,Online,7/01/2025
55,7,4,31/05/2025,3,2,3,Online,5/06/2025
56,1,1,28/07/2025,4,4,11,Retail,2/08/2025
57,12,12,6/02/2025,4,6,3,Retail,8/02/2025
58,2,4,29/08/2025,3,2,3,Retail,30/08/2025
59,1,13,6/10/2025,4,5,12,Retail,11/10/2025
60,8,6,2/11/2025,3,6,2,Online,7/11/2025
61,8,4,3/01/2025,5,2,9,Online,7/01/2025
62,8,5,29/01/2025,4,3,7,Retail,3/02/2025
63,13,10,1/03/2025,3,5,10,Retail,7/03/2025
64,1,12,11/02/2025,2,5,1,Retail,18/02/2025
65,8,6,12/11/2025,4,4,8,Retail,14/11/2025
27,13,13,16/01/2025,2,3,9,Online,21/01/2025
28,7,12,20/09/2025,3,2,3,Online,22/09/2025
29,7,10,8/09/2025,4,4,10,Retail,13/09/2025
30,2,4,22/08/2025,2,3,3,Online,29/08/2025
31,13,4,26/04/2025,4,4,12,Online,30/04/2025
32,3,13,4/03/2025,1,6,9,Retail,8/03/2025
33,2,13,15/10/2025,5,4,11,Retail,21/10/2025
34,1,3,30/01/2025,4,4,6,Retail,4/02/2025
35,7,6,18/11/2025,5,2,3,Online,24/11/2025
36,7,11,9/05/2025,3,5,10,Retail,12/05/2025
37,2,13,29/08/2025,4,5,10,Online,31/08/2025
38,3,7,29/03/2025,4,5,12,Retail,4/04/2025
39,8,4,17/09/2025,4,4,10,Online,24/09/2025
40,7,7,27/01/2025,5,3,12,Retail,2/02/2025
41,12,4,20/05/2025,5,2,10,Online,23/05/2025
42,7,1,19/06/2025,2,3,4,Online,25/06/2025
43,8,3,4/07/2025,5,6,5,Online,6/07/2025
44,13,4,6/10/2025,3,5,3,Retail,11/10/2025
45,7,11,18/08/2025,1,2,4,Retail,21/08/2025
46,2,10,25/04/2025,5,3,8,Retail,27/04/2025
47,1,4,4/08/2025,3,2,5,Online,6/08/2025
48,1,6,8/02/2025,1,2,12,Retail,12/02/2025
49,1,10,8/10/2025,1,6,12,Retail,10/10/2025
50,12,8,1/04/2025,3,4,4,Retail,5/04/2025
51,8,6,25/09/2025,3,3,9,Retail,1/10/2025
52,1,2,28/02/2025,4,3,9,Retail,6/03/2025
53,8,1,9/09/2025,3,3,8,Online,11/09/2025
66,2,5,5/06/2025,1,5,5,Online,12/06/2025
164,46,5,9/11/2025,3,6,9,Online,15/11/2025
165,52,6,30/07/2025,5,4,2,Online,4/08/2025
167,35,12,30/04/2025,2,4,7,Online,2/05/2025
168,53,3,28/07/2025,1,2,4,Online,30/07/2025
169,40,12,2/02/2025,4,3,8,Online,4/02/2025
170,46,9,5/02/2025,4,3,9,Retail,12/02/2025
172,37,12,27/10/2025,5,4,9,Online,2/11/2025
173,43,7,3/07/2025,5,5,4,Online,9/07/2025
175,40,12,25/05/2025,2,6,2,Online,26/05/2025
176,47,12,31/08/2025,2,5,1,Retail,6/09/2025
177,39,4,24/04/2025,5,5,11,Online,29/04/2025
178,49,5,14/09/2025,2,3,12,Retail,16/09/2025
179,45,6,21/08/2025,2,6,3,Online,24/08/2025
180,41,11,19/08/2025,4,3,3,Retail,25/08/2025
182,38,6,4/01/2025,1,3,3,Retail,7/01/2025
107,2,8,17/09/2025,2,6,12,Retail,21/09/2025
108,13,1,28/09/2025,1,6,7,Online,5/10/2025
109,2,10,21/11/2025,3,6,1,Retail,22/11/2025
110,2,10,6/03/2025,2,4,1,Online,12/03/2025
111,40,5,2/05/2025,2,5,11,Online,3/05/2025
112,31,3,26/02/2025,4,5,2,Online,28/02/2025
113,53,8,9/08/2025,1,6,5,Retail,14/08/2025
114,36,3,8/05/2025,4,6,1,Retail,13/05/2025
115,51,2,6/05/2025,2,4,6,Online,7/05/2025
116,44,10,15/08/2025,4,5,3,Retail,19/08/2025
118,40,8,22/01/2025,5,5,2,Online,29/01/2025
119,31,8,10/03/2025,3,6,6,Online,16/03/2025
120,43,13,9/02/2025,4,4,9,Online,15/02/2025
121,47,11,8/09/2025,1,5,7,Online,11/09/2025
122,49,9,7/03/2025,2,2,2,Online,8/03/2025
123,39,11,1/02/2025,5,2,11,Online,2/02/2025
117,27,7,19/08/2025,3,3,11,Retail,20/08/2025
124,27,5,4/01/2025,5,4,2,Online,10/01/2025
67,7,6,4/06/2025,5,4,10,Retail,9/06/2025
68,2,10,11/06/2025,3,5,12,Retail,17/06/2025
69,8,9,3/03/2025,3,6,6,Online,5/03/2025
70,12,10,22/01/2025,4,5,4,Retail,25/01/2025
71,13,4,28/11/2025,5,6,6,Retail,4/12/2025
72,2,6,8/09/2025,2,6,2,Online,14/09/2025
73,3,9,19/05/2025,5,3,5,Online,25/05/2025
74,8,8,15/09/2025,2,6,10,Retail,19/09/2025
75,2,1,22/09/2025,3,6,9,Retail,29/09/2025
76,1,2,17/11/2025,5,2,2,Online,19/11/2025
77,3,8,3/01/2025,2,6,10,Online,4/01/2025
78,3,8,15/01/2025,2,2,9,Online,20/01/2025
79,8,12,30/06/2025,1,6,2,Retail,3/07/2025
80,2,13,21/10/2025,1,4,7,Retail,23/10/2025
81,8,8,13/04/2025,2,5,5,Online,16/04/2025
82,3,2,11/01/2025,1,4,9,Online,16/01/2025
83,13,5,13/06/2025,4,4,8,Retail,20/06/2025
84,12,12,22/09/2025,4,4,4,Online,27/09/2025
85,12,6,12/04/2025,4,3,10,Online,13/04/2025
86,7,5,1/02/2025,3,4,6,Retail,5/02/2025
87,2,3,20/02/2025,1,5,9,Retail,22/02/2025
88,12,3,12/10/2025,4,4,12,Retail,19/10/2025
89,7,1,21/11/2025,4,5,1,Online,24/11/2025
90,2,2,5/04/2025,4,6,10,Online,6/04/2025
125,52,11,7/03/2025,4,2,4,Online,12/03/2025
126,31,8,9/10/2025,3,6,11,Online,15/10/2025
127,45,1,29/08/2025,2,4,4,Online,5/09/2025
128,46,8,3/03/2025,4,3,3,Online,8/03/2025
129,49,13,1/04/2025,5,2,1,Online,4/04/2025
130,37,8,20/04/2025,2,6,6,Online,27/04/2025
131,38,2,23/06/2025,5,3,4,Online,25/06/2025
132,28,8,24/03/2025,3,5,5,Retail,30/03/2025
134,53,7,12/09/2025,1,4,7,Retail,13/09/2025
136,29,2,7/02/2025,2,6,3,Retail,14/02/2025
138,41,1,11/02/2025,2,3,6,Retail,18/02/2025
183,28,7,10/07/2025,1,4,6,Online,11/07/2025
184,47,12,17/05/2025,4,6,2,Retail,20/05/2025
142,43,7,28/07/2025,4,4,5,Online,30/07/2025
143,37,10,28/06/2025,5,5,7,Online,5/07/2025
144,43,6,18/08/2025,5,4,9,Online,21/08/2025
146,41,6,29/03/2025,2,2,12,Retail,3/04/2025
147,49,7,9/05/2025,2,5,9,Online,10/05/2025
149,50,6,6/11/2025,2,4,9,Retail,11/11/2025
150,52,2,13/04/2025,5,5,4,Retail,19/04/2025
151,45,7,3/10/2025,4,4,1,Online,8/10/2025
154,41,1,2/06/2025,5,3,9,Retail,7/06/2025
155,31,6,10/06/2025,1,4,6,Online,14/06/2025
156,30,7,16/01/2025,5,6,10,Retail,18/01/2025
158,34,12,7/02/2025,1,3,7,Online,11/02/2025
160,34,8,2/09/2025,1,4,12,Online,7/09/2025
161,42,1,28/04/2025,3,3,8,Online,2/05/2025
162,45,10,5/05/2025,1,2,2,Retail,6/05/2025
159,19,11,28/09/2025,3,6,3,Retail,2/10/2025
157,20,2,2/04/2025,2,6,12,Retail,9/04/2025
153,21,11,8/08/2025,5,5,3,Retail,15/08/2025
152,22,2,31/08/2025,4,6,9,Online,4/09/2025
148,23,3,6/09/2025,5,2,11,Retail,8/09/2025
145,24,8,5/06/2025,3,2,12,Retail,12/06/2025
141,25,12,16/01/2025,1,3,3,Retail,21/01/2025
140,26,1,19/11/2025,2,5,5,Retail,25/11/2025
133,27,9,22/02/2025,3,4,7,Retail,25/02/2025
137,27,5,18/05/2025,4,2,7,Online,19/05/2025
139,27,1,28/01/2025,3,5,4,Retail,1/02/2025
135,21,5,26/10/2025,3,6,12,Retail,30/10/2025
185,50,13,26/11/2025,4,4,10,Online,29/11/2025
186,35,11,9/11/2025,1,3,2,Retail,13/11/2025
187,40,7,24/04/2025,3,3,11,Retail,28/04/2025
188,43,13,4/05/2025,3,6,2,Online,10/05/2025
189,34,9,8/01/2025,5,2,7,Retail,9/01/2025
190,33,6,12/01/2025,2,2,11,Online,14/01/2025
191,50,7,21/09/2025,3,4,1,Online,23/09/2025
192,50,8,2/11/2025,5,5,6,Retail,5/11/2025
193,50,12,28/10/2025,2,6,2,Online,1/11/2025
194,41,12,21/08/2025,2,5,3,Retail,22/08/2025
199,44,11,11/01/2025,2,6,9,Online,13/01/2025
201,48,12,21/02/2025,4,5,12,Retail,28/02/2025
203,31,13,8/05/2025,2,2,2,Online,10/05/2025
206,31,8,26/04/2025,4,4,6,Online,2/05/2025
208,48,8,26/08/2025,3,2,4,Online,1/09/2025
209,34,11,7/04/2025,5,2,8,Retail,8/04/2025
181,14,2,21/05/2025,3,6,2,Retail,27/05/2025
195,14,8,14/01/2025,2,6,7,Online,19/01/2025
196,14,10,25/03/2025,3,3,9,Retail,26/03/2025
197,14,11,29/05/2025,2,2,3,Online,1/06/2025
198,14,13,21/03/2025,4,3,3,Retail,27/03/2025
200,14,9,4/10/2025,4,4,5,Retail,8/10/2025
202,14,6,30/03/2025,3,3,4,Online,2/04/2025
204,14,10,8/04/2025,1,4,7,Retail,15/04/2025
205,14,1,8/03/2025,2,4,3,Online,13/03/2025
207,14,6,30/04/2025,1,5,10,Retail,5/05/2025
174,15,9,8/02/2025,4,4,10,Online,14/02/2025
171,16,7,12/06/2025,5,3,4,Online,13/06/2025
166,17,13,4/05/2025,3,2,7,Online,10/05/2025
163,18,5,26/08/2025,2,5,4,Retail,28/08/2025
210,1,7,1/12/2025,2,3,7,Online,3/12/2025
211,2,12,2/12/2025,5,5,8,Retail,4/12/2025
212,3,11,3/12/2025,1,3,11,Online,5/12/2025
213,4,10,4/12/2025,2,6,12,Online,6/12/2025
214,5,13,5/12/2025,3,2,7,Online,7/12/2025
215,6,2,6/12/2025,4,5,4,Retail,8/12/2025
216,1,5,7/12/2025,5,4,5,Online,9/12/2025
217,7,7,8/12/2025,1,4,2,Online,10/12/2025
218,8,9,9/12/2025,4,5,1,Online,11/12/2025
219,9,9,10/12/2025,3,6,12,Online,12/12/2025
220,10,7,11/12/2025,2,2,2,Retail,13/12/2025
221,10,7,12/01/2026,2,2,5,Retail,12/01/2026
222,40,3,13/01/2026,2,2,9,Online,13/01/2026
223,41,4,14/01/2026,2,2,10,Online,14/01/2026
224,42,7,15/01/2026,2,2,11,Online,15/01/2026
225,43,6,16/01/2026,2,2,12,Retail,16/01/2026
226,44,10,17/01/2026,2,2,13,Retail,17/01/2026
227,45,11,18/01/2026,2,2,2,Retail,18/01/2026
