id,customer_id,date,sales_channel,total_order
1,21,2024-01-01,Phone,136.17
2,32,2024-01-02,Phone,390.31
3,22,2024-01-03,Store,796.55
4,81,2024-01-04,Phone,700.92
5,65,2024-01-05,Store,922.78
6,84,2024-01-06,Store,514.31
7,65,2024-01-07,Online,542.11
8,78,2024-01-08,Online,333.72
9,75,2024-01-09,Online,171.62
10,35,2024-01-10,Phone,651.82
11,13,2024-01-11,Store,750.36
12,37,2024-01-12,Phone,744.24
13,90,2024-01-13,Phone,191.0
14,33,2024-01-14,Phone,875.23
15,87,2024-01-15,Store,380.85
16,55,2024-01-16,Phone,532.17
17,25,2024-01-17,Phone,203.49
18,9,2024-01-18,Store,765.75
19,86,2024-01-19,Phone,801.92
20,10,2024-01-20,Store,337.7
21,2,2024-01-21,Store,140.08
22,45,2024-01-22,Phone,166.7
23,30,2024-01-23,Phone,742.72
24,51,2024-01-24,Phone,346.26
25,98,2024-01-25,Store,303.72
26,20,2024-01-26,Phone,817.57
27,8,2024-01-27,Phone,162.38
28,35,2024-01-28,Online,193.78
29,52,2024-01-29,Online,884.52
30,75,2024-01-30,Phone,498.12
31,50,2024-01-31,Store,488.71
32,59,2024-02-01,Phone,966.43
33,58,2024-02-02,Online,646.85
34,61,2024-02-03,Phone,479.37
35,36,2024-02-04,Phone,144.83
36,74,2024-02-05,Phone,702.96
37,100,2024-02-06,Phone,925.81
38,17,2024-02-07,Store,915.95
39,100,2024-02-08,Store,125.46
40,60,2024-02-09,Online,528.44
41,79,2024-02-10,Phone,199.4
42,61,2024-02-11,Store,217.46
43,95,2024-02-12,Online,283.75
44,69,2024-02-13,Phone,149.99
45,86,2024-02-14,Store,92.11
46,85,2024-02-15,Phone,751.47
47,34,2024-02-16,Online,592.64
48,41,2024-02-17,Online,804.46
49,34,2024-02-18,Online,961.15
50,21,2024-02-19,Store,218.56
51,83,2024-02-20,Phone,344.22
52,17,2024-02-21,Store,425.9
53,2,2024-02-22,Phone,842.87
54,51,2024-02-23,Phone,796.26
55,36,2024-02-24,Online,245.09
56,20,2024-02-25,Store,27.08
57,54,2024-02-26,Online,307.46
58,41,2024-02-27,Phone,516.44
59,75,2024-02-28,Online,548.9
60,44,2024-02-29,Phone,665.14
61,50,2024-03-01,Phone,732.11
62,44,2024-03-02,Phone,781.88
63,54,2024-03-03,Phone,295.9
64,17,2024-03-04,Online,28.34
65,96,2024-03-05,Phone,398.36
66,46,2024-03-06,Store,915.94
67,94,2024-03-07,Online,855.28
68,68,2024-03-08,Online,191.36
69,15,2024-03-09,Phone,444.2
70,21,2024-03-10,Phone,715.85
71,80,2024-03-11,Phone,440.18
72,96,2024-03-12,Store,917.81
73,96,2024-03-13,Store,111.55
74,24,2024-03-14,Phone,940.86
75,14,2024-03-15,Phone,701.07
76,61,2024-03-16,Online,481.97
77,56,2024-03-17,Phone,217.16
78,14,2024-03-18,Store,524.61
79,4,2024-03-19,Phone,768.42
80,73,2024-03-20,Online,508.18
81,28,2024-03-21,Phone,370.8
82,22,2024-03-22,Online,544.21
83,58,2024-03-23,Online,71.91
84,64,2024-03-24,Online,89.63
85,42,2024-03-25,Online,567.11
86,95,2024-03-26,Online,711.75
87,87,2024-03-27,Store,487.8
88,91,2024-03-28,Phone,313.56
89,83,2024-03-29,Online,510.19
90,24,2024-03-30,Store,181.94
91,48,2024-03-31,Phone,916.28
92,99,2024-04-01,Phone,101.56
93,61,2024-04-02,Store,695.84
94,89,2024-04-03,Store,965.48
95,15,2024-04-04,Phone,871.45
96,12,2024-04-05,Store,673.15
97,60,2024-04-06,Online,141.03
98,67,2024-04-07,Phone,736.62
99,29,2024-04-08,Store,770.96
100,55,2024-04-09,Online,740.62
101,79,2024-04-10,Store,746.44
102,43,2024-04-11,Online,426.16
103,27,2024-04-12,Store,952.64
104,93,2024-04-13,Store,593.53
105,46,2024-04-14,Phone,26.09
106,51,2024-04-15,Store,123.44
107,79,2024-04-16,Store,569.0
108,91,2024-04-17,Phone,770.93
109,78,2024-04-18,Store,650.41
110,74,2024-04-19,Store,688.53
111,70,2024-04-20,Phone,418.34
112,32,2024-04-21,Store,663.11
113,77,2024-04-22,Online,303.55
114,44,2024-04-23,Online,51.02
115,12,2024-04-24,Store,902.76
116,71,2024-04-25,Online,807.07
117,20,2024-04-26,Online,76.19
118,82,2024-04-27,Store,958.84
119,60,2024-04-28,Store,639.71
120,7,2024-04-29,Phone,186.77
121,96,2024-04-30,Store,871.95
122,11,2024-05-01,Online,994.37
123,49,2024-05-02,Store,423.72
124,64,2024-05-03,Online,373.29
125,10,2024-05-04,Online,701.4
126,3,2024-05-05,Phone,588.54
127,1,2024-05-06,Phone,376.2
128,89,2024-05-07,Phone,282.34
129,65,2024-05-08,Store,829.75
130,40,2024-05-09,Phone,373.46
131,3,2024-05-10,Store,972.63
132,68,2024-05-11,Store,498.59
133,38,2024-05-12,Online,91.91
134,30,2024-05-13,Store,274.64
135,21,2024-05-14,Online,801.7
136,30,2024-05-15,Phone,650.86
137,77,2024-05-16,Online,504.01
138,6,2024-05-17,Store,49.08
139,53,2024-05-18,Online,925.19
140,79,2024-05-19,Store,654.45
141,43,2024-05-20,Phone,757.89
142,48,2024-05-21,Phone,511.94
143,63,2024-05-22,Store,570.16
144,53,2024-05-23,Phone,151.24
145,12,2024-05-24,Online,537.75
146,63,2024-05-25,Store,46.91
147,35,2024-05-26,Store,144.15
148,73,2024-05-27,Store,670.06
149,21,2024-05-28,Online,150.45
150,52,2024-05-29,Store,118.39
151,98,2024-05-30,Store,985.13
152,50,2024-05-31,Store,863.39
153,62,2024-06-01,Online,255.8
154,1,2024-06-02,Store,182.75
155,29,2024-06-03,Phone,953.87
156,83,2024-06-04,Online,994.92
157,50,2024-06-05,Phone,396.41
158,17,2024-06-06,Phone,23.16
159,55,2024-06-07,Online,941.59
160,13,2024-06-08,Online,680.41
161,31,2024-06-09,Phone,609.09
162,32,2024-06-10,Phone,630.88
163,78,2024-06-11,Store,69.89
164,46,2024-06-12,Phone,577.48
165,90,2024-06-13,Online,152.67
166,29,2024-06-14,Store,548.36
167,38,2024-06-15,Online,624.73
168,18,2024-06-16,Phone,216.88
169,91,2024-06-17,Online,83.94
170,3,2024-06-18,Online,702.4
171,85,2024-06-19,Store,629.92
172,100,2024-06-20,Online,494.36
173,100,2024-06-21,Online,456.5
174,80,2024-06-22,Online,719.68
175,70,2024-06-23,Phone,580.85
176,7,2024-06-24,Store,647.8
177,49,2024-06-25,Phone,537.42
178,41,2024-06-26,Online,344.88
179,16,2024-06-27,Online,692.07
180,28,2024-06-28,Online,874.14
181,83,2024-06-29,Phone,38.98
182,6,2024-06-30,Store,945.79
183,89,2024-07-01,Phone,200.51
184,70,2024-07-02,Phone,970.5
185,77,2024-07-03,Store,687.11
186,71,2024-07-04,Online,335.98
187,59,2024-07-05,Online,143.81
188,36,2024-07-06,Online,962.72
189,22,2024-07-07,Phone,122.78
190,22,2024-07-08,Phone,994.64
191,67,2024-07-09,Online,844.84
192,49,2024-07-10,Online,179.3
193,3,2024-07-11,Phone,855.27
194,76,2024-07-12,Store,308.05
195,79,2024-07-13,Phone,447.06
196,65,2024-07-14,Online,375.18
197,16,2024-07-15,Online,355.17
198,95,2024-07-16,Phone,147.31
199,5,2024-07-17,Phone,281.9
200,53,2024-07-18,Store,746.21
