id,order_id,product_id,quantity
1,152,10,8
2,36,27,6
3,98,18,3
4,127,43,4
5,36,29,6
6,44,20,5
7,10,33,3
8,179,23,7
9,119,17,8
10,111,14,5
11,13,36,7
12,107,34,2
13,130,25,6
14,63,14,9
15,81,47,3
16,83,7,2
17,88,47,5
18,174,4,7
19,191,21,7
20,190,14,9
21,170,22,8
22,2,28,4
23,26,36,8
24,57,21,7
25,195,4,2
26,75,2,1
27,86,24,4
28,125,43,7
29,194,45,9
30,123,47,6
31,199,20,6
32,21,47,1
33,164,48,6
34,166,20,1
35,143,34,2
36,165,7,7
37,56,15,8
38,101,21,4
39,135,21,1
40,176,12,4
41,7,33,2
42,56,41,1
43,159,46,4
44,84,41,8
45,182,37,3
46,94,45,9
47,132,43,4
48,25,48,3
49,76,27,9
50,59,41,8
51,193,46,7
52,55,47,7
53,33,32,3
54,92,12,2
55,31,31,6
56,118,2,1
57,50,7,3
58,83,32,3
59,115,47,2
60,175,3,8
61,36,23,3
62,192,14,1
63,189,1,6
64,160,42,5
65,70,16,9
66,167,41,3
67,103,10,7
68,164,28,2
69,163,6,9
70,173,25,3
71,16,34,8
72,107,1,5
73,135,14,9
74,91,31,1
75,177,14,9
76,37,36,3
77,188,46,6
78,172,5,4
79,105,19,1
80,30,2,5
81,160,49,8
82,156,16,9
83,159,47,6
84,108,33,6
85,156,41,5
86,130,12,2
87,129,18,8
88,149,9,4
89,121,6,3
90,143,14,3
91,104,36,8
92,91,13,2
93,15,15,9
94,81,14,8
95,84,24,4
96,97,47,4
97,100,23,1
98,160,42,7
99,178,9,3
100,25,44,2
101,77,17,2
102,116,25,8
103,34,38,8
104,8,24,2
105,159,23,7
106,145,4,2
107,101,33,4
108,131,31,4
109,18,31,7
110,45,4,3
111,76,4,5
112,161,41,1
113,130,41,4
114,182,22,3
115,113,30,3
116,22,28,7
117,107,37,5
118,117,46,9
119,46,20,7
120,18,24,7
121,124,19,7
122,72,42,1
123,43,22,4
124,40,16,9
125,158,41,5
126,39,2,5
127,31,43,6
128,84,15,6
129,169,28,3
130,127,20,7
131,80,37,8
132,135,21,2
133,197,9,6
134,93,34,8
135,155,30,6
136,189,6,6
137,46,3,2
138,157,47,2
139,171,49,2
140,76,11,5
141,199,33,8
142,103,5,3
143,48,17,4
144,76,31,9
145,90,44,9
146,156,16,1
147,140,15,6
148,80,10,6
149,41,47,7
150,59,22,5
151,137,18,1
152,153,24,5
153,77,41,8
154,183,3,9
155,84,26,1
156,18,44,1
157,179,40,1
158,65,21,8
159,65,17,3
160,129,37,5
161,37,48,5
162,156,10,7
163,104,8,9
164,19,28,5
165,156,47,5
166,87,37,6
167,137,9,3
168,63,2,5
169,11,5,3
170,171,30,3
171,193,49,8
172,156,36,4
173,35,2,9
174,185,48,8
175,144,26,4
176,40,14,5
177,144,35,1
178,11,9,7
179,27,14,2
180,125,47,4
181,80,20,6
182,10,35,8
183,15,12,3
184,38,19,6
185,160,22,9
186,86,47,3
187,85,23,5
188,48,33,7
189,56,39,8
190,67,49,9
191,182,2,6
192,110,41,9
193,154,12,7
194,20,42,9
195,19,10,3
196,33,6,9
197,102,24,4
198,21,27,9
199,149,4,3
200,198,18,6
201,41,39,4
202,90,21,9
203,31,47,5
204,53,32,7
205,84,8,5
206,131,16,6
207,95,10,7
208,66,20,3
209,15,9,9
210,185,26,7
211,51,12,9
212,42,37,2
213,168,16,3
214,98,1,7
215,153,18,3
216,84,14,4
217,105,15,5
218,182,21,6
219,45,31,1
220,89,9,6
221,9,21,4
222,122,39,6
223,32,6,9
224,189,28,7
225,128,37,6
226,136,6,5
227,145,30,3
228,196,17,8
229,7,42,5
230,47,7,2
231,149,26,4
232,152,22,9
233,118,46,6
234,72,14,2
235,68,12,8
236,7,37,1
237,98,39,4
238,96,43,2
239,107,30,8
240,111,10,9
241,150,8,2
242,51,29,4
243,44,36,6
244,149,27,1
245,137,2,2
246,113,1,2
247,104,24,6
248,29,9,6
249,114,18,6
250,141,17,8
251,87,17,6
252,118,39,9
253,175,17,9
254,136,12,8
255,116,50,3
256,86,45,9
257,170,37,2
258,43,30,3
259,112,19,3
260,131,10,6
261,65,50,9
262,134,32,4
263,6,41,1
264,127,35,9
265,17,14,1
266,121,5,8
267,92,5,8
268,89,30,3
269,44,7,3
270,89,14,3
271,37,7,4
272,139,31,5
273,195,7,9
274,20,12,6
275,158,23,4
276,143,2,6
277,12,11,8
278,23,6,5
279,106,22,6
280,177,45,7
281,190,7,5
282,10,20,6
283,43,32,6
284,137,2,3
285,138,48,3
286,43,24,1
287,199,10,9
288,160,45,6
289,140,23,9
290,185,20,3
291,174,47,8
292,34,19,8
293,194,46,9
294,93,18,6
295,31,7,2
296,55,29,1
297,94,48,5
298,78,14,8
299,58,38,8
300,32,25,3
301,57,46,1
302,138,9,5
303,179,4,7
304,152,13,8
305,76,31,8
306,169,26,2
307,104,1,2
308,155,28,6
309,186,16,5
310,35,6,2
311,85,25,4
312,77,11,4
313,126,40,9
314,145,21,5
315,6,25,8
316,114,30,5
317,5,17,7
318,131,16,4
319,120,2,9
320,145,20,8
321,32,46,7
322,113,30,6
323,102,5,9
324,100,20,9
325,115,9,6
326,86,10,5
327,130,5,7
328,89,2,9
329,153,47,2
330,114,48,1
331,35,14,4
332,171,26,3
333,35,6,5
334,32,7,7
335,114,13,1
336,179,26,9
337,95,4,8
338,142,40,3
339,20,29,1
340,8,9,1
341,182,33,2
342,189,5,9
343,45,7,4
344,52,16,2
345,117,8,8
346,49,6,6
347,27,29,1
348,86,10,3
349,136,12,3
350,11,35,5
351,142,14,7
352,53,3,8
353,36,27,4
354,117,26,7
355,158,36,3
356,110,29,9
357,195,15,2
358,131,20,6
359,14,18,4
360,69,45,4
361,190,48,2
362,162,14,1
363,191,28,5
364,84,22,9
365,134,4,5
366,197,39,3
367,131,41,8
368,17,40,5
369,155,32,5
370,20,9,4
371,124,22,3
372,49,27,8
373,117,37,8
374,86,11,7
375,162,39,7
376,165,44,1
377,8,41,2
378,33,22,7
379,108,19,6
380,122,35,3
381,189,2,8
382,89,44,4
383,105,13,6
384,11,43,4
385,102,23,8
386,118,35,6
387,73,35,5
388,28,3,7
389,62,40,6
390,118,48,9
391,6,1,8
392,195,17,5
393,12,19,4
394,144,15,8
395,139,49,7
396,187,49,5
397,98,12,8
398,104,16,9
399,106,49,6
400,72,39,8
401,157,44,2
402,90,19,6
403,199,37,3
404,56,42,1
405,152,29,7
406,178,10,4
407,46,29,6
408,1,36,8
409,47,22,4
410,45,18,6
411,50,15,1
412,28,14,6
413,171,20,1
414,77,41,5
415,198,30,9
416,24,40,3
417,146,18,7
418,151,18,3
419,117,29,2
420,118,46,8
421,127,14,1
422,123,35,9
423,119,19,7
424,104,45,8
425,164,17,6
426,100,26,1
427,195,11,4
428,182,10,7
429,24,26,9
430,79,33,3
431,83,25,2
432,125,31,2
433,189,21,8
434,92,5,1
435,86,32,1
436,125,40,4
437,133,7,3
438,105,10,1
439,132,39,9
440,193,25,7
441,78,42,9
442,97,37,1
443,146,9,4
444,32,26,4
445,3,41,2
446,102,41,5
447,157,35,5
448,62,4,3
449,110,19,2
450,125,24,6
451,7,14,8
452,192,7,4
453,21,45,5
454,174,43,8
455,110,48,9
456,87,11,3
457,38,26,7
458,129,24,6
459,10,37,9
460,157,3,2
461,33,48,1
462,156,33,4
463,69,38,9
464,61,15,5
465,141,27,8
466,157,39,3
467,84,28,5
468,168,13,8
469,124,22,8
470,70,14,9
471,75,33,3
472,148,46,2
473,101,11,9
474,164,45,1
475,95,49,2
476,79,38,7
477,167,33,4
478,27,26,7
479,62,30,3
480,78,36,7
481,113,2,8
482,66,6,2
483,114,1,5
484,88,25,9
485,33,8,6
486,183,28,5
487,82,33,5
488,180,37,4
489,84,23,2
490,50,31,7
491,113,9,7
492,115,4,5
493,87,15,4
494,182,45,2
495,31,49,2
496,77,17,4
497,145,31,6
498,96,19,3
499,84,47,8
500,87,36,6
