id,name,email,phone,address,suburb,state,postcode
1,Customer 1,customer1@example.com,0400000000,123 Example St,Sydney,NSW,2000
2,Customer 2,customer2@example.com,0400000000,123 Example St,Sydney,NSW,2000
3,Customer 3,customer3@example.com,0400000000,123 Example St,Sydney,NSW,2000
4,Customer 4,customer4@example.com,0400000000,123 Example St,Sydney,NSW,2000
5,Customer 5,customer5@example.com,0400000000,123 Example St,Sydney,NSW,2000
6,Customer 6,customer6@example.com,0400000000,123 Example St,Sydney,NSW,2000
7,Customer 7,customer7@example.com,0400000000,123 Example St,Sydney,NSW,2000
8,Customer 8,customer8@example.com,0400000000,123 Example St,Sydney,NSW,2000
9,Customer 9,customer9@example.com,0400000000,123 Example St,Sydney,NSW,2000
10,Customer 10,customer10@example.com,0400000000,123 Example St,Sydney,NSW,2000
11,Customer 11,customer11@example.com,0400000000,123 Example St,Sydney,NSW,2000
12,Customer 12,customer12@example.com,0400000000,123 Example St,Sydney,NSW,2000
13,Customer 13,customer13@example.com,0400000000,123 Example St,Sydney,NSW,2000
14,Customer 14,customer14@example.com,0400000000,123 Example St,Sydney,NSW,2000
15,Customer 15,customer15@example.com,0400000000,123 Example St,Sydney,NSW,2000
16,Customer 16,customer16@example.com,0400000000,123 Example St,Sydney,NSW,2000
17,Customer 17,customer17@example.com,0400000000,123 Example St,Sydney,NSW,2000
18,Customer 18,customer18@example.com,0400000000,123 Example St,Sydney,NSW,2000
19,Customer 19,customer19@example.com,0400000000,123 Example St,Sydney,NSW,2000
20,Customer 20,customer20@example.com,0400000000,123 Example St,Sydney,NSW,2000
21,Customer 21,customer21@example.com,0400000000,123 Example St,Sydney,NSW,2000
22,Customer 22,customer22@example.com,0400000000,123 Example St,Sydney,NSW,2000
23,Customer 23,customer23@example.com,0400000000,123 Example St,Sydney,NSW,2000
24,Customer 24,customer24@example.com,0400000000,123 Example St,Sydney,NSW,2000
25,Customer 25,customer25@example.com,0400000000,123 Example St,Sydney,NSW,2000
26,Customer 26,customer26@example.com,0400000000,123 Example St,Sydney,NSW,2000
27,Customer 27,customer27@example.com,0400000000,123 Example St,Sydney,NSW,2000
28,Customer 28,customer28@example.com,0400000000,123 Example St,Sydney,NSW,2000
29,Customer 29,customer29@example.com,0400000000,123 Example St,Sydney,NSW,2000
30,Customer 30,customer30@example.com,0400000000,123 Example St,Sydney,NSW,2000
31,Customer 31,customer31@example.com,0400000000,123 Example St,Sydney,NSW,2000
32,Customer 32,customer32@example.com,0400000000,123 Example St,Sydney,NSW,2000
33,Customer 33,customer33@example.com,0400000000,123 Example St,Sydney,NSW,2000
34,Customer 34,customer34@example.com,0400000000,123 Example St,Sydney,NSW,2000
35,Customer 35,customer35@example.com,0400000000,123 Example St,Sydney,NSW,2000
36,Customer 36,customer36@example.com,0400000000,123 Example St,Sydney,NSW,2000
37,Customer 37,customer37@example.com,0400000000,123 Example St,Sydney,NSW,2000
38,Customer 38,customer38@example.com,0400000000,123 Example St,Sydney,NSW,2000
39,Customer 39,customer39@example.com,0400000000,123 Example St,Sydney,NSW,2000
40,Customer 40,customer40@example.com,0400000000,123 Example St,Sydney,NSW,2000
41,Customer 41,customer41@example.com,0400000000,123 Example St,Sydney,NSW,2000
42,Customer 42,customer42@example.com,0400000000,123 Example St,Sydney,NSW,2000
43,Customer 43,customer43@example.com,0400000000,123 Example St,Sydney,NSW,2000
44,Customer 44,customer44@example.com,0400000000,123 Example St,Sydney,NSW,2000
45,Customer 45,customer45@example.com,0400000000,123 Example St,Sydney,NSW,2000
46,Customer 46,customer46@example.com,0400000000,123 Example St,Sydney,NSW,2000
47,Customer 47,customer47@example.com,0400000000,123 Example St,Sydney,NSW,2000
48,Customer 48,customer48@example.com,0400000000,123 Example St,Sydney,NSW,2000
49,Customer 49,customer49@example.com,0400000000,123 Example St,Sydney,NSW,2000
50,Customer 50,customer50@example.com,0400000000,123 Example St,Sydney,NSW,2000
51,Customer 51,customer51@example.com,0400000000,123 Example St,Sydney,NSW,2000
52,Customer 52,customer52@example.com,0400000000,123 Example St,Sydney,NSW,2000
53,Customer 53,customer53@example.com,0400000000,123 Example St,Sydney,NSW,2000
54,Customer 54,customer54@example.com,0400000000,123 Example St,Sydney,NSW,2000
55,Customer 55,customer55@example.com,0400000000,123 Example St,Sydney,NSW,2000
56,Customer 56,customer56@example.com,0400000000,123 Example St,Sydney,NSW,2000
57,Customer 57,customer57@example.com,0400000000,123 Example St,Sydney,NSW,2000
58,Customer 58,customer58@example.com,0400000000,123 Example St,Sydney,NSW,2000
59,Customer 59,customer59@example.com,0400000000,123 Example St,Sydney,NSW,2000
60,Customer 60,customer60@example.com,0400000000,123 Example St,Sydney,NSW,2000
61,Customer 61,customer61@example.com,0400000000,123 Example St,Sydney,NSW,2000
62,Customer 62,customer62@example.com,0400000000,123 Example St,Sydney,NSW,2000
63,Customer 63,customer63@example.com,0400000000,123 Example St,Sydney,NSW,2000
64,Customer 64,customer64@example.com,0400000000,123 Example St,Sydney,NSW,2000
65,Customer 65,customer65@example.com,0400000000,123 Example St,Sydney,NSW,2000
66,Customer 66,customer66@example.com,0400000000,123 Example St,Sydney,NSW,2000
67,Customer 67,customer67@example.com,0400000000,123 Example St,Sydney,NSW,2000
68,Customer 68,customer68@example.com,0400000000,123 Example St,Sydney,NSW,2000
69,Customer 69,customer69@example.com,0400000000,123 Example St,Sydney,NSW,2000
70,Customer 70,customer70@example.com,0400000000,123 Example St,Sydney,NSW,2000
71,Customer 71,customer71@example.com,0400000000,123 Example St,Sydney,NSW,2000
72,Customer 72,customer72@example.com,0400000000,123 Example St,Sydney,NSW,2000
73,Customer 73,customer73@example.com,0400000000,123 Example St,Sydney,NSW,2000
74,Customer 74,customer74@example.com,0400000000,123 Example St,Sydney,NSW,2000
75,Customer 75,customer75@example.com,0400000000,123 Example St,Sydney,NSW,2000
76,Customer 76,customer76@example.com,0400000000,123 Example St,Sydney,NSW,2000
77,Customer 77,customer77@example.com,0400000000,123 Example St,Sydney,NSW,2000
78,Customer 78,customer78@example.com,0400000000,123 Example St,Sydney,NSW,2000
79,Customer 79,customer79@example.com,0400000000,123 Example St,Sydney,NSW,2000
80,Customer 80,customer80@example.com,0400000000,123 Example St,Sydney,NSW,2000
81,Customer 81,customer81@example.com,0400000000,123 Example St,Sydney,NSW,2000
82,Customer 82,customer82@example.com,0400000000,123 Example St,Sydney,NSW,2000
83,Customer 83,customer83@example.com,0400000000,123 Example St,Sydney,NSW,2000
84,Customer 84,customer84@example.com,0400000000,123 Example St,Sydney,NSW,2000
85,Customer 85,customer85@example.com,0400000000,123 Example St,Sydney,NSW,2000
86,Customer 86,customer86@example.com,0400000000,123 Example St,Sydney,NSW,2000
87,Customer 87,customer87@example.com,0400000000,123 Example St,Sydney,NSW,2000
88,Customer 88,customer88@example.com,0400000000,123 Example St,Sydney,NSW,2000
89,Customer 89,customer89@example.com,0400000000,123 Example St,Sydney,NSW,2000
90,Customer 90,customer90@example.com,0400000000,123 Example St,Sydney,NSW,2000
91,Customer 91,customer91@example.com,0400000000,123 Example St,Sydney,NSW,2000
92,Customer 92,customer92@example.com,0400000000,123 Example St,Sydney,NSW,2000
93,Customer 93,customer93@example.com,0400000000,123 Example St,Sydney,NSW,2000
94,Customer 94,customer94@example.com,0400000000,123 Example St,Sydney,NSW,2000
95,Customer 95,customer95@example.com,0400000000,123 Example St,Sydney,NSW,2000
96,Customer 96,customer96@example.com,0400000000,123 Example St,Sydney,NSW,2000
97,Customer 97,customer97@example.com,0400000000,123 Example St,Sydney,NSW,2000
98,Customer 98,customer98@example.com,0400000000,123 Example St,Sydney,NSW,2000
99,Customer 99,customer99@example.com,0400000000,123 Example St,Sydney,NSW,2000
100,Customer 100,customer100@example.com,0400000000,123 Example St,Sydney,NSW,2000
